handle,title,existing_thumbnail,type,purpose,prompt,output,alt_text,filename
15-min-consultation,15-Minute Consultation,https://oxhjtmozsdstbokwtnwa.supabase.co/storage/v1/object/public/product-images/consultation-15min.jpg,hero,Marketing hero image for product detail and social,"Photorealistic hero shot: a clean modern workspace with a laptop open to a calendar app, a notebook with handwriting, and a steaming coffee mug — soft natural window light, shallow depth of field, warm neutral color grading, brand-accent highlight #06b6d4 on the calendar UI, no identifiable faces, minimal props, centered composition, 3:2 aspect, deliver high-res JPG (2400x1600) and optimized WebP 1200x800.","jpg:2400x1600|webp:1200x800","Consultation — expert meeting, 15 minutes",consultation-15min-hero
15-min-consultation,15-Minute Consultation,https://oxhjtmozsdstbokwtnwa.supabase.co/storage/v1/object/public/product-images/consultation-15min.jpg,thumbnail,Square thumbnail for listing and product card,"Studio-style product thumbnail: flat-lay top-down of a notebook and pen on a light-gray surface with a small calendar card that reads '15 min' — crisp lighting, soft shadows, minimal styling, brand accent #06b6d4 on calendar card, clean background, export as PNG 800x800 and WebP 400x400.","png:800x800|webp:400x400","15-minute consultation thumbnail",consultation-15min-thumb
15-min-consultation,15-Minute Consultation,https://oxhjtmozsdstbokwtnwa.supabase.co/storage/v1/object/public/product-images/consultation-15min.jpg,listing,Small listing image / avatar (used in checkout and carts),"Minimal iconographic mark: circular badge with '15' numeral and subtle calendar glyph, flat geometric style, 2-color palette (dark slate #0f172a + teal #06b6d4), optimized SVG and PNG 128x128, provide light/dark variants and suggested aria-label '15-minute consultation'.","svg|png:128x128","15-minute consultation",consultation-15min-badge
30-min-consultation,30-Minute Consultation,https://oxhjtmozsdstbokwtnwa.supabase.co/storage/v1/object/public/product-images/consultation-30min.jpg,hero,Product detail hero for in-depth session,"Photorealistic hero: two people in a modern meeting room (faces out of frame or blurred) pointing at a laptop screen with a project plan visible, cool neutral tones with warm highlights, natural window lighting, brand accent #06b6d4 on UI elements, 3:2 aspect, deliver JPG 2400x1600 and WebP 1200x800.","jpg:2400x1600|webp:1200x800","30-minute consultation — collaborative planning",consultation-30min-hero
30-min-consultation,30-Minute Consultation,https://oxhjtmozsdstbokwtnwa.supabase.co/storage/v1/object/public/product-images/consultation-30min.jpg,thumbnail,Listing card thumbnail,"Clean studio thumbnail: calendar card or ticket reading '30' on a textured off-white background, subtle shadow, brand accent #06b6d4, PNG 800x800 and WebP 400x400, minimal composition.","png:800x800|webp:400x400","30-minute consultation thumbnail",consultation-30min-thumb
30-min-consultation,30-Minute Consultation,https://oxhjtmozsdstbokwtnwa.supabase.co/storage/v1/object/public/product-images/consultation-30min.jpg,listing,Badge icon: circular badge with '30' and calendar glyph,"Badge icon: circular badge with '30' and calendar glyph, geometric flat style, 2-color palette (dark slate + teal), SVG + PNG 128x128, include aria-label '30-minute consultation'.","svg|png:128x128","30-minute consultation",consultation-30min-badge
55-min-consultation,55-Minute Consultation,https://oxhjtmozsdstbokwtnwa.supabase.co/storage/v1/object/public/product-images/consultation-55min.jpg,hero,Feature hero for comprehensive session,"Photorealistic hero: overhead of a detailed project roadmap on a desk with laptop, open planner, and coffee — cinematic natural light, shallow depth of field, rich but neutral color grading, brand accent #06b6d4 on roadmap markers, 3:2 aspect, deliver JPG 2800x1867 and optimized WebP 1400x933.","jpg:2800x1867|webp:1400x933","55-minute consultation — comprehensive session",consultation-55min-hero
55-min-consultation,55-Minute Consultation,https://oxhjtmozsdstbokwtnwa.supabase.co/storage/v1/object/public/product-images/consultation-55min.jpg,thumbnail,Square product thumbnail,"Studio-style thumbnail: ticket or calendar card with '55' and small checklist icon on a light neutral background, controlled soft lighting, brand accent #06b6d4, PNG 800x800 and WebP 400x400.","png:800x800|webp:400x400","55-minute consultation thumbnail",consultation-55min-thumb
55-min-consultation,55-Minute Consultation,https://oxhjtmozsdstbokwtnwa.supabase.co/storage/v1/object/public/product-images/consultation-55min.jpg,listing,Small listing badge,"Circular badge with '55' numeral and simple calendar/checklist glyph, flat geometric style, dark slate + teal, SVG and PNG 128x128, provide light/dark variants and aria-label '55-minute consultation'.","svg|png:128x128","55-minute consultation",consultation-55min-badge
